name;category;store_reference;supplier_reference;stock_qty;min_qty;note
Assiette Cœur Amour;Assiettes;COS-001;A_COMPLETER;1;3;Import photo stock 09/06/2026 – vérifier nom/références/prix
Audrey;Stock photo;COS-002;A_COMPLETER;8;3;Import photo stock 09/06/2026 – vérifier nom/références/prix
Ambre;Stock photo;COS-003;A_COMPLETER;16;3;Import photo stock 09/06/2026 – vérifier nom/références/prix
Alena;Stock photo;COS-004;A_COMPLETER;4;3;Import photo stock 09/06/2026 – vérifier nom/références/prix
Apollo;Stock photo;COS-005;A_COMPLETER;11;3;Import photo stock 09/06/2026 – vérifier nom/références/prix
Amélie;Stock photo;COS-006;A_COMPLETER;12;3;Import photo stock 09/06/2026 – vérifier nom/références/prix
Assiette Vagues;Assiettes;COS-007;A_COMPLETER;12;3;Import photo stock 09/06/2026 – vérifier nom/références/prix
Amelia;Stock photo;COS-008;A_COMPLETER;12;3;Import photo stock 09/06/2026 – vérifier nom/références/prix
Alba;Stock photo;COS-009;A_COMPLETER;48;3;Import photo stock 09/06/2026 – vérifier nom/références/prix
Akim;Stock photo;COS-010;A_COMPLETER;12;3;Import photo stock 09/06/2026 – vérifier nom/références/prix
Blandine;Stock photo;COS-011;A_COMPLETER;19;3;Import photo stock 09/06/2026 – vérifier nom/références/prix
Barbara;Stock photo;COS-012;A_COMPLETER;11;3;Import photo stock 09/06/2026 – vérifier nom/références/prix
Bol Chat;Bols;COS-013;A_COMPLETER;26;3;Import photo stock 09/06/2026 – vérifier nom/références/prix
Boîte Cœur Amour;Boîtes;COS-014;A_COMPLETER;29;3;Import photo stock 09/06/2026 – vérifier nom/références/prix
Charlotte;Stock photo;COS-015;A_COMPLETER;15;3;Import photo stock 09/06/2026 – vérifier nom/références/prix
Christine;Stock photo;COS-016;A_COMPLETER;3;3;Import photo stock 09/06/2026 – vérifier nom/références/prix
Colette;Stock photo;COS-017;A_COMPLETER;18;3;Import photo stock 09/06/2026 – vérifier nom/références/prix
Clarisse;Stock photo;COS-018;A_COMPLETER;13;3;Import photo stock 09/06/2026 – vérifier nom/références/prix
Clémence;Stock photo;COS-019;A_COMPLETER;11;3;Import photo stock 09/06/2026 – vérifier nom/références/prix
Catia;Stock photo;COS-020;A_COMPLETER;4;3;Import photo stock 09/06/2026 – vérifier nom/références/prix
Corine;Stock photo;COS-021;A_COMPLETER;4;3;Import photo stock 09/06/2026 – vérifier nom/références/prix
Corentin;Stock photo;COS-022;A_COMPLETER;11;3;Import photo stock 09/06/2026 – vérifier nom/références/prix
Claire;Stock photo;COS-023;A_COMPLETER;24;3;Import photo stock 09/06/2026 – vérifier nom/références/prix
Coline;Stock photo;COS-024;A_COMPLETER;47;3;Import photo stock 09/06/2026 – vérifier nom/références/prix
Cyndi;Stock photo;COS-025;A_COMPLETER;48;3;Import photo stock 09/06/2026 – vérifier nom/références/prix
Caroline;Stock photo;COS-026;A_COMPLETER;18;3;Import photo stock 09/06/2026 – vérifier nom/références/prix
Cheval;Stock photo;COS-027;A_COMPLETER;12;3;Import photo stock 09/06/2026 – vérifier nom/références/prix
Cid;Stock photo;COS-028;A_COMPLETER;24;3;Import photo stock 09/06/2026 – vérifier nom/références/prix
Dessous de plat bulle;Plats;COS-029;A_COMPLETER;23;3;Import photo stock 09/06/2026 – vérifier nom/références/prix
Delphine;Stock photo;COS-030;A_COMPLETER;10;3;Import photo stock 09/06/2026 – vérifier nom/références/prix
Didier;Stock photo;COS-031;A_COMPLETER;6;3;Import photo stock 09/06/2026 – vérifier nom/références/prix
Dominique;Stock photo;COS-032;A_COMPLETER;7;3;Import photo stock 09/06/2026 – vérifier nom/références/prix
Escargot;Stock photo;COS-033;A_COMPLETER;12;3;Import photo stock 09/06/2026 – vérifier nom/références/prix
Flore;Stock photo;COS-034;A_COMPLETER;18;3;Import photo stock 09/06/2026 – vérifier nom/références/prix
Elsa;Stock photo;COS-035;A_COMPLETER;6;3;Import photo stock 09/06/2026 – vérifier nom/références/prix
Elodie;Stock photo;COS-036;A_COMPLETER;1;3;Import photo stock 09/06/2026 – vérifier nom/références/prix
Enola;Stock photo;COS-037;A_COMPLETER;12;3;Import photo stock 09/06/2026 – vérifier nom/références/prix
Fitz;Stock photo;COS-038;A_COMPLETER;34;3;Import photo stock 09/06/2026 – vérifier nom/références/prix
Figaro;Stock photo;COS-039;A_COMPLETER;16;3;Import photo stock 09/06/2026 – vérifier nom/références/prix
Flavie;Stock photo;COS-040;A_COMPLETER;4;3;Import photo stock 09/06/2026 – vérifier nom/références/prix
Florence;Stock photo;COS-041;A_COMPLETER;1;3;Import photo stock 09/06/2026 – vérifier nom/références/prix
Grand Vase Rond;Vases;COS-042;A_COMPLETER;12;3;Import photo stock 09/06/2026 – vérifier nom/références/prix
Hélène;Stock photo;COS-043;A_COMPLETER;23;3;Import photo stock 09/06/2026 – vérifier nom/références/prix
Julie;Stock photo;COS-044;A_COMPLETER;3;3;Import photo stock 09/06/2026 – vérifier nom/références/prix
Jacqueline;Stock photo;COS-045;A_COMPLETER;12;3;Import photo stock 09/06/2026 – vérifier nom/références/prix
Johanna;Stock photo;COS-046;A_COMPLETER;84;3;Import photo stock 09/06/2026 – vérifier nom/références/prix
Josette;Stock photo;COS-047;A_COMPLETER;1;3;Import photo stock 09/06/2026 – vérifier nom/références/prix
Liam;Stock photo;COS-048;A_COMPLETER;21;3;Import photo stock 09/06/2026 – vérifier nom/références/prix
Lydia;Stock photo;COS-049;A_COMPLETER;3;3;Import photo stock 09/06/2026 – vérifier nom/références/prix
Laura;Stock photo;COS-050;A_COMPLETER;28;3;Import photo stock 09/06/2026 – vérifier nom/références/prix
Lisa;Stock photo;COS-051;A_COMPLETER;8;3;Import photo stock 09/06/2026 – vérifier nom/références/prix
Louise;Stock photo;COS-052;A_COMPLETER;24;3;Import photo stock 09/06/2026 – vérifier nom/références/prix
Laurianne;Stock photo;COS-053;A_COMPLETER;11;3;Import photo stock 09/06/2026 – vérifier nom/références/prix
Lili;Stock photo;COS-054;A_COMPLETER;24;3;Import photo stock 09/06/2026 – vérifier nom/références/prix
Marinette;Stock photo;COS-055;A_COMPLETER;9;3;Import photo stock 09/06/2026 – vérifier nom/références/prix
Martine;Stock photo;COS-056;A_COMPLETER;6;3;Import photo stock 09/06/2026 – vérifier nom/références/prix
Monique;Stock photo;COS-057;A_COMPLETER;21;3;Import photo stock 09/06/2026 – vérifier nom/références/prix
Margot;Stock photo;COS-058;A_COMPLETER;9;3;Import photo stock 09/06/2026 – vérifier nom/références/prix
Myriam;Stock photo;COS-059;A_COMPLETER;11;3;Import photo stock 09/06/2026 – vérifier nom/références/prix
Manon;Stock photo;COS-060;A_COMPLETER;26;3;Import photo stock 09/06/2026 – vérifier nom/références/prix
Mirabelle;Stock photo;COS-061;A_COMPLETER;2;3;Import photo stock 09/06/2026 – vérifier nom/références/prix
Michael;Stock photo;COS-062;A_COMPLETER;77;3;Import photo stock 09/06/2026 – vérifier nom/références/prix
Mug Clément;Tasses;COS-063;A_COMPLETER;10;3;Import photo stock 09/06/2026 – vérifier nom/références/prix
Maryline;Stock photo;COS-064;A_COMPLETER;120;3;Import photo stock 09/06/2026 – vérifier nom/références/prix
Maëlys;Stock photo;COS-065;A_COMPLETER;36;3;Import photo stock 09/06/2026 – vérifier nom/références/prix
Nicole;Stock photo;COS-066;A_COMPLETER;23;3;Import photo stock 09/06/2026 – vérifier nom/références/prix
Noémie;Stock photo;COS-067;A_COMPLETER;10;3;Import photo stock 09/06/2026 – vérifier nom/références/prix
Nash;Stock photo;COS-068;A_COMPLETER;7;3;Import photo stock 09/06/2026 – vérifier nom/références/prix
Octavie;Stock photo;COS-069;A_COMPLETER;8;3;Import photo stock 09/06/2026 – vérifier nom/références/prix
Orane (cuvettes pâtes);Stock photo;COS-070;A_COMPLETER;36;3;Import photo stock 09/06/2026 – vérifier nom/références/prix
Paola;Stock photo;COS-071;A_COMPLETER;24;3;Import photo stock 09/06/2026 – vérifier nom/références/prix
Pauline;Stock photo;COS-072;A_COMPLETER;25;3;Import photo stock 09/06/2026 – vérifier nom/références/prix
Petits casiers;Accessoires;COS-073;A_COMPLETER;45;3;Import photo stock 09/06/2026 – vérifier nom/références/prix
Poule;Stock photo;COS-074;A_COMPLETER;16;3;Import photo stock 09/06/2026 – vérifier nom/références/prix
Presse citron;Accessoires;COS-075;A_COMPLETER;8;3;Import photo stock 09/06/2026 – vérifier nom/références/prix
Patrick;Stock photo;COS-076;A_COMPLETER;4;3;Import photo stock 09/06/2026 – vérifier nom/références/prix
Plats;Plats;COS-077;A_COMPLETER;22;3;Import photo stock 09/06/2026 – vérifier nom/références/prix
Pierre;Stock photo;COS-078;A_COMPLETER;3;3;Import photo stock 09/06/2026 – vérifier nom/références/prix
Solveig;Stock photo;COS-079;A_COMPLETER;11;3;Import photo stock 09/06/2026 – vérifier nom/références/prix
Stéphanie;Stock photo;COS-080;A_COMPLETER;23;3;Import photo stock 09/06/2026 – vérifier nom/références/prix
Sophie;Stock photo;COS-081;A_COMPLETER;22;3;Import photo stock 09/06/2026 – vérifier nom/références/prix
Suzan;Stock photo;COS-082;A_COMPLETER;1;3;Import photo stock 09/06/2026 – vérifier nom/références/prix
Stéphane;Stock photo;COS-083;A_COMPLETER;3;3;Import photo stock 09/06/2026 – vérifier nom/références/prix
Simon;Stock photo;COS-084;A_COMPLETER;18;3;Import photo stock 09/06/2026 – vérifier nom/références/prix
Thomas;Stock photo;COS-085;A_COMPLETER;11;3;Import photo stock 09/06/2026 – vérifier nom/références/prix
Ulys;Stock photo;COS-086;A_COMPLETER;4;3;Import photo stock 09/06/2026 – vérifier nom/références/prix
Valentin;Stock photo;COS-087;A_COMPLETER;18;3;Import photo stock 09/06/2026 – vérifier nom/références/prix
V & G;Stock photo;COS-088;A_COMPLETER;8;3;Import photo stock 09/06/2026 – vérifier nom/références/prix
Victoria;Stock photo;COS-089;A_COMPLETER;12;3;Import photo stock 09/06/2026 – vérifier nom/références/prix
Yanis;Stock photo;COS-090;A_COMPLETER;18;3;Import photo stock 09/06/2026 – vérifier nom/références/prix
